학년,번호,도서명,저자,카테고리,만화여부,태그,추천이유
1학년,1,구름빵,백희나,문학,,"상상력,가족",구름으로 빵을 만드는 상상력 넘치는 이야기. 따뜻한 가족 사랑이 담겨 있어요.
1학년,2,달 샤베트,백희나,문학,,"상상력,나눔",더운 여름밤 달이 녹아 샤베트가 되는 환상적인 이야기예요.
1학년,3,장수탕 선녀님,백희나,문학,,"상상력,가족",목욕탕에서 만난 할머니 선녀님과의 따뜻한 이야기예요.
1학년,4,돌멩이 수프,존 무스,문학,,"나눔,공동체",나그네와 마을 사람들이 돌멩이 수프를 함께 끓이며 나눔의 의미를 배우는 이야기예요.
1학년,5,강아지똥,권정생,문학,,"생명,자연",보잘것없는 것도 소중한 역할이 있다는 걸 알려주는 명작이에요.
1학년,6,수박 수영장,안녕달,문학,,"상상력,여름",거대한 수박이 수영장이 되는 기발한 상상이 담겨 있어요.
1학년,7,팥빙수의 전설,이지은,문학,,"유머,상상력",팥빙수를 둘러싼 재미있는 상상이 가득한 유쾌한 이야기예요.
1학년,8,배고픈 애벌레,에릭 칼,문학,,"성장,자연",알에서 나비까지 성장하는 과정을 아름다운 그림으로 보여줘요.
1학년,9,무지개 물고기,마르쿠스 피스터,문학,,"나눔,우정",반짝이는 비늘을 나누며 진정한 행복을 찾는 이야기예요.
1학년,10,돼지책,앤서니 브라운,문학,,"가족,역할",가족 안에서 서로의 역할과 존중을 생각하게 하는 책이에요.
1학년,11,고릴라,앤서니 브라운,문학,,"가족,상상력",아빠와의 관계를 고릴라 인형을 통해 따뜻하게 그린 작품이에요.
1학년,12,우리 엄마,앤서니 브라운,문학,,"가족,사랑",엄마의 다양한 모습을 사랑스럽고 유머러스하게 그렸어요.
1학년,13,우리 아빠,앤서니 브라운,문학,,"가족,사랑",아빠의 멋진 모습을 유쾌하게 표현한 그림책이에요.
1학년,14,치킨 마스크,우쓰기 미호,문학,,"자신감,성장",여러 가면을 써 보며 진짜 나의 모습과 소중함을 찾아가는 이야기예요.
1학년,15,지각대장 존,존 버닝햄,문학,,"상상력,학교",매일 신기한 이유로 지각하는 존의 엉뚱한 이야기예요.
1학년,16,검피 아저씨의 뱃놀이,존 버닝햄,문학,,"규칙,모험",규칙을 안 지키면 어떤 일이 벌어지는지 유머러스하게 보여줘요.
1학년,17,프레드릭,레오 리오니,문학,,"예술,개성",색깔과 단어를 모으는 쥐 프레드릭. 예술의 가치를 보여줘요.
1학년,18,으뜸 헤엄이,레오 리오니,문학,,"협동,용기",작은 물고기들이 힘을 합쳐 큰 물고기를 이기는 이야기예요.
1학년,19,괴물들이 사는 나라,모리스 센닥,문학,,"상상력,감정",맥스의 상상 속 괴물나라 모험! 칼데콧 수상작이에요.
1학년,20,종이 봉지 공주,로버트 먼치,문학,,"용기,반전",용을 물리치고 왕자를 구하는 공주의 통쾌한 반전이에요.
1학년,21,피터의 의자,에즈라 잭 키츠,문학,,"성장,가족",동생이 생긴 피터의 복잡한 마음을 섬세하게 그렸어요.
1학년,22,쏘피가 화나면 정말 정말 화나면,몰리 뱅,문학,,"감정,성장",화가 났을 때 어떻게 하면 좋은지 알려주는 책이에요.
1학년,23,난 토마토 절대 안 먹어,로렌 차일드,문학,,"유머,식습관",편식하는 아이에게 음식의 재미를 알려주는 유쾌한 그림책이에요.
1학년,24,곰 사냥을 떠나자,마이클 로젠,문학,,"모험,리듬",반복되는 리듬과 의성어가 소리 내어 읽기에 딱 좋은 책이에요.
1학년,25,알사탕,백희나,문학,,"판타지,감정",사탕을 먹으면 마음의 소리가 들려요! 공감 능력을 키워주는 그림책이에요.
1학년,26,파도야 놀자,이수지,문학,,"자연,상상력",글 없이 그림만으로 바다와 노는 즐거움을 표현한 아름다운 그림책이에요.
1학년,27,거짓말 같은 이야기,강경수,문학,,"유머,상상력",거짓말처럼 재미있는 이야기가 꼬리에 꼬리를 무는 유쾌한 그림책이에요.
1학년,28,이게 정말 사과일까,요시타케 신스케,문학,,"호기심,상상력",사과 하나로 시작되는 끝없는 상상! 생각하는 힘을 키워줘요.
1학년,29,할머니의 여름휴가,안녕달,문학,,"가족,여름",할머니와 함께하는 특별한 여름 이야기. 따뜻한 가족 사랑이 느껴져요.
1학년,30,이파라파냐무냐무,이지은,문학,,"상상력,모험",늑대들의 대장을 뽑는 과정에서 벌어지는 상상력 넘치는 소동 이야기예요.
1학년,1,WHY? 우리 몸,예림당,비문학,O,"인체,과학",우리 몸의 신비를 만화로 쉽고 재미있게 알려줘요.
1학년,2,WHY? 동물,예림당,비문학,O,"동물,자연",다양한 동물들의 생태를 만화로 재미있게 배워요.
1학년,3,WHY? 곤충,예림당,비문학,O,"곤충,자연",신기한 곤충 세계를 만화로 탐험해요.
1학년,4,WHY? 공룡,예림당,비문학,O,"공룡,과학",공룡의 세계를 만화로 생생하게 만나볼 수 있어요.
1학년,5,WHY? 날씨,예림당,비문학,O,"날씨,과학","비, 눈, 바람이 왜 생기는지 만화로 쉽게 알려줘요."
1학년,6,WHY? 바다,예림당,비문학,O,"바다,자연",넓고 깊은 바다의 비밀을 만화로 탐험해요.
1학년,7,WHY? 식물,예림당,비문학,O,"식물,자연",식물이 자라는 신기한 과정을 만화로 배워요.
1학년,8,WHY? 우주,예림당,비문학,O,"우주,과학",광활한 우주의 비밀을 만화로 쉽게 알려줘요.
1학년,9,신기한 스쿨버스: 인체 속으로,조애너 콜,비문학,O,"인체,과학",프리즐 선생님과 함께 몸속을 탐험하는 과학 모험이에요.
1학년,10,신기한 스쿨버스: 태양계 탐험,조애너 콜,비문학,O,"우주,과학",스쿨버스를 타고 태양계를 여행하며 행성을 배워요.
1학년,11,신기한 스쿨버스: 바다 탐험,조애너 콜,비문학,O,"바다,과학",바다 속 신기한 생물들을 직접 만나는 과학 모험이에요.
1학년,12,신기한 스쿨버스: 지구 속으로,조애너 콜,비문학,O,"지구,과학",땅속 깊이 들어가 지구의 구조를 배우는 모험이에요.
1학년,13,세밀화로 그린 보리 어린이 식물 도감,보리 편집부,비문학,,"식물,도감",우리 주변 식물을 세밀화로 관찰하고 배우는 도감이에요.
1학년,14,세밀화로 그린 보리 어린이 동물 도감,보리 편집부,비문학,,"동물,도감",우리나라 동물을 세밀화로 자세히 관찰할 수 있는 도감이에요.
1학년,15,세밀화로 그린 보리 어린이 곤충 도감,보리 편집부,비문학,,"곤충,도감",주변에서 볼 수 있는 곤충을 세밀화로 배우는 도감이에요.
1학년,16,똒똒한 한글왕,기탄교육,비문학,,"한글,학습",한글의 원리를 재미있는 이야기로 쉽게 배울 수 있어요.
1학년,17,1학년이 꼭 알아야 할 교과서 속 과학,아이세움,비문학,,"과학,교과서",1학년 교과서에 나오는 과학 개념을 쉽게 풀어줘요.
1학년,18,누가 내 머리에 똥 쌌어?,베르너 홀츠바르트,비문학,,"동물,관찰",동물마다 다른 똥 모양을 재미있게 알려주는 관찰 그림책이에요.
1학년,19,나의 첫 국어사전,낱말공장,비문학,,"국어,학습",처음 국어사전을 접하는 1학년을 위한 쉬운 사전이에요.
1학년,20,지구가 100명의 마을이라면,데이비드 스미스,비문학,,"세계,사회",세계를 100명 마을로 줄여서 쉽게 이해하게 해줘요.
1학년,21,이가 빠지면 지붕 위로 던져요,셀비 빌러,비문학,,"문화,세계",세계 여러 나라의 이 빠진 풍습을 재미있게 비교해요.
1학년,22,옛날 사람들은 어떻게 살았을까,유다정,비문학,,"역사,생활",옛날 사람들의 생활을 그림으로 쉽게 알려줘요.
1학년,23,내 몸 사용 설명서,시마다 쓰나미,비문학,,"인체,건강",우리 몸의 다양한 기능을 쉽고 재미있게 알려줘요.
1학년,24,교통 안전 그림책,한림출판사,비문학,,"안전,생활",교통 안전 규칙을 그림과 함께 쉽게 배울 수 있어요.
1학년,25,사계절 자연 놀이,봉현선,비문학,,"자연,놀이",계절마다 자연에서 할 수 있는 놀이를 소개해줘요.
1학년,26,왜 물은 높은 곳에서 낮은 곳으로 흐를까,정창훈,비문학,,"과학,자연",일상 속 과학 궁금증을 쉽게 풀어주는 과학 그림책이에요.
1학년,27,소중한 나의 몸,유문조,비문학,,"인체,성교육",나의 몸이 얼마나 소중한지 올바르게 알려주는 책이에요.
1학년,28,숫자 세기 1부터 100까지,김충원,비문학,,"수학,숫자",숫자의 개념을 놀이처럼 재미있게 익힐 수 있어요.
1학년,29,다 콩이야,마쓰오카 교코,비문학,,"식물,음식",콩이 변신하는 다양한 음식을 알려주는 과학 그림책이에요.
1학년,30,여러 나라의 인사법,박은정,비문학,,"문화,세계",세계 여러 나라의 다양한 인사법을 재미있게 배워요.
2학년,1,마당을 나온 암탉,황선미,문학,,"모험,사랑",자유를 꿈꾸는 암탉 잎싹의 감동적인 모험이에요.
2학년,2,아낌없이 주는 나무,쉘 실버스타인,문학,,"사랑,나눔",나무와 소년의 관계를 통해 사랑의 의미를 생각하게 해요.
2학년,3,멋진 여우 씨,로알드 달,문학,,"지혜,모험",세 농부에 맞서는 여우 가족의 통쾌한 이야기예요.
2학년,4,100층짜리 집,이와이 도시오,문학,,"탐험,숫자",100층까지 올라가며 다양한 동물의 집을 구경해요.
2학년,5,못된 녀석들,애런 블래이비,문학,,"유머,반전",나쁜 동물들이 좋은 일을 하려고 노력하는 유쾌한 이야기예요.
2학년,6,엄마 마중,이태준,문학,,"가족,기다림",엄마를 기다리는 아이의 마음을 섬세하게 그린 한국 명작이에요.
2학년,7,돼지 왕자,박연철,문학,,"변신,사랑",겉모습이 아닌 마음이 중요하다는 메시지를 전해요.
2학년,8,윌리와 휴,앤서니 브라운,문학,,"우정,다양성",서로 다른 두 친구의 특별한 우정 이야기예요.
2학년,9,나쁜 어린이 표,황선미,문학,,"학교,성장",2학년 또래의 학교생활 고민과 성장을 따뜻하게 그렸어요.
2학년,10,"용기를 내, 비닐장갑!",유설화,문학,,"용기,자존감",쓸모없다 여겨진 비닐장갑이 용기를 내는 이야기예요.
2학년,11,사소한 소원만 들어주는 두꺼비,은이결,문학,,"판타지,소원",진짜 소중한 것이 무엇인지 깨닫게 해주는 이야기예요.
2학년,12,나는 강물처럼 말해요,조던 스콧,문학,,"자존감,극복",말더듬이 소년이 자기만의 방식으로 세상과 소통해요.
2학년,13,책 먹는 여우,프란치스카 비어만,문학,,"독서,유머",책을 읽는 것을 넘어 먹어버리는 여우의 유쾌한 이야기예요.
2학년,14,고구마구마,사이다,문학,,"유머,말놀이",고구마를 좋아하는 아이의 말장난 가득한 재미있는 이야기예요.
2학년,15,깊은 밤 부엌에서,모리스 센닥,문학,,"모험,상상력",한밤중 부엌에서 벌어지는 환상적인 모험 이야기예요.
2학년,16,까막나라에서 온 삽살개,권정생,문학,,"우정,성장",삽살개와 아이의 특별한 우정을 그린 권정생의 동화예요.
2학년,17,꽃을 선물할게,강경수,문학,,"우정,선물",친구에게 꽃을 선물하려는 곰의 따뜻한 마음이 담겨 있어요.
2학년,18,돌아온 못된 녀석들,애런 블래이비,문학,,"유머,우정",못된 녀석들의 좌충우돌 영웅 도전이 계속돼요.
2학년,19,치과 의사 드소토 선생님,윌리엄 스타이그,문학,,"지혜,직업",작은 쥐 치과의사의 지혜로운 문제 해결이 통쾌해요.
2학년,20,심술꾸러기 산타,레이먼드 브릭스,문학,,"유머,크리스마스",투덜대면서도 선물을 나르는 산타의 유쾌한 하루예요.
2학년,21,제비를 그리는 아이,이수지,문학,,"예술,자유",그림 그리는 즐거움과 상상력을 아름답게 표현한 그림책이에요.
2학년,22,어디에서 왔니?,정진호,문학,,"탄생,가족",아이가 어디에서 왔는지 상상력 넘치게 풀어낸 그림책이에요.
2학년,23,지하 100층짜리 집,이와이 도시오,문학,,"탐험,자연",땅속 100층까지 내려가며 다양한 동물의 집을 구경해요.
2학년,24,바다 100층짜리 집,이와이 도시오,문학,,"탐험,바다",바다 속 100층까지 내려가며 신비한 해양 생물을 만나요.
2학년,25,이유가 있어요,요시타케 신스케,문학,,"유머,습관","코 파기, 다리 떨기... 나쁜 습관에도 다 이유가 있대요!"
2학년,26,고양이 해결사 깜냥,홍민정,문학,,"모험,추리",고양이 깜냥이 동네 사건을 해결하는 유쾌한 모험이에요.
2학년,27,조지의 놀라운 약,로알드 달,문학,,"유머,모험",조지가 만든 기상천외한 약! 로알드 달의 유머가 넘쳐요.
2학년,28,그루팔로,줄리아 도널드슨,문학,,"유머,지혜",꾀 많은 생쥐가 무서운 그루팔로를 만나는 유쾌한 이야기예요.
2학년,29,당근 유치원,안녕달,문학,,"학교,일상",당근 유치원에서 벌어지는 즐겁고 따뜻한 일상 이야기예요.
2학년,30,여름이 온다,이수지,문학,,"자연,계절",여름이 오는 모습을 아름다운 그림으로 표현한 칼데콧 수상작이에요.
2학년,1,WHY? 지구,예림당,비문학,O,"지구,과학",우리가 사는 지구의 비밀을 만화로 재미있게 알려줘요.
2학년,2,WHY? 발명·발견,예림당,비문학,O,"발명,과학",세상을 바꾼 위대한 발명과 발견을 만화로 배워요.
2학년,3,WHY? 화산,예림당,비문학,O,"화산,자연",화산은 왜 폭발할까? 만화로 쉽게 알려줘요.
2학년,4,WHY? 로봇,예림당,비문학,O,"로봇,기술",로봇의 원리와 미래를 만화로 재미있게 배워요.
2학년,5,WHY? 환경,예림당,비문학,O,"환경,자연",환경을 지키는 방법을 만화로 쉽게 알려줘요.
2학년,6,WHY? 물,예림당,비문학,O,"물,과학",물의 신기한 성질과 순환을 만화로 배워요.
2학년,7,신기한 스쿨버스: 전기 나라,조애너 콜,비문학,O,"전기,과학",전기의 원리를 스쿨버스 모험으로 재미있게 배워요.
2학년,8,신기한 스쿨버스: 허리케인,조애너 콜,비문학,O,"날씨,과학",폭풍 속으로 들어가 날씨의 원리를 배우는 모험이에요.
2학년,9,마법천자문 1권,시리얼,비문학,O,"한자,학습",마법 이야기와 함께 한자를 재미있게 익힐 수 있어요.
2학년,10,마법천자문 2권,시리얼,비문학,O,"한자,학습",모험을 하며 한자의 뜻과 모양을 자연스럽게 배워요.
2학년,11,으뜸 헤엄이의 바다 동물 관찰기,레오 리오니,비문학,,"바다,동물",바다 생물의 다양한 모습을 아름다운 그림으로 관찰해요.
2학년,12,"탁한 공기, 이제 그만",이욱재,비문학,,"환경,공기",맑은 공기가 사라지면 어떻게 될까? 공기 오염의 심각성을 재미있는 상상으로 알려주는 환경 그림책이에요.
2학년,13,나는야 화폐 왕,박은정,비문학,,"경제,돈",화폐의 역사와 돈의 가치를 재미있게 배워요.
2학년,14,세계 음식 여행,김인혜,비문학,,"문화,음식",세계 여러 나라의 음식과 식문화를 알려줘요.
2학년,15,내가 처음 가본 박물관,국립중앙박물관,비문학,,"역사,문화",박물관에서 만나는 우리나라 역사와 문화를 소개해요.
2학년,16,안전 대장이 될래요,한국어린이안전재단,비문학,,"안전,생활",일상에서 꼭 알아야 할 안전 수칙을 알려줘요.
2학년,17,달팽이 과학동화: 물은 어디로 갈까,웅진씽크빅,비문학,,"과학,자연",물의 순환 과정을 이야기로 쉽게 풀어줘요.
2학년,18,1·2학년이 꼭 읽어야 할 교과서 전래동화,기탄교육,비문학,,"전래,교과서",교과서에 나오는 전래동화의 교훈을 정리해줘요.
2학년,19,나의 첫 한국사,이광희,비문학,,"역사,한국사",우리나라 역사를 쉬운 이야기로 처음 만나볼 수 있어요.
2학년,20,직업이 뭐예요?,박신식,비문학,,"직업,사회",다양한 직업의 세계를 그림과 함께 쉽게 알려줘요.
2학년,21,빛이 만드는 세계,정창훈,비문학,,"빛,과학",빛의 성질과 역할을 쉬운 실험으로 배울 수 있어요.
2학년,22,우리 동네 자연 관찰,봉현선,비문학,,"자연,관찰",동네에서 만날 수 있는 동식물을 관찰하는 방법을 알려줘요.
2학년,23,재미있는 수학 여행,김용운,비문학,,"수학,논리",숫자와 도형의 재미를 놀이처럼 알려주는 수학 입문서예요.
2학년,24,우리 몸의 구멍,허은미,비문학,,"인체,과학","눈, 코, 입, 귀 등 몸의 구멍이 하는 역할을 알려줘요."
2학년,25,거미줄은 왜 끈적끈적할까,정창훈,비문학,,"곤충,과학",곤충의 신기한 비밀을 과학적으로 풀어주는 책이에요.
2학년,26,여기는 맛있는 농장이야,한태희,비문학,,"농업,음식",우리가 먹는 음식이 어디에서 오는지 알려주는 그림책이에요.
2학년,27,세상에서 가장 큰 동물 도감,톰 잭슨,비문학,,"동물,비교",세상에서 가장 큰 동물들을 실제 크기로 비교해봐요.
2학년,28,우리에겐 권리가 있어!,알랭 시셰,비문학,,"권리,사회",어린이가 가진 소중한 권리들을 다섯 걸음으로 쉽고 재미있게 알려주는 그림책이에요.
2학년,29,한글을 만든 세종대왕,한국위인전편집부,비문학,,"인물,역사",한글을 만든 세종대왕의 이야기를 쉽게 알려줘요.
2학년,30,내 친구 지구,패트리샤 매클라클란,비문학,,"지구,환경",지구를 아끼고 사랑하는 마음을 키워주는 그림책이에요.
3학년,1,찰리와 초콜릿 공장,로알드 달,문학,,"모험,판타지",윌리 웡카의 신비한 초콜릿 공장 탐험! 착한 마음이 보상받아요.
3학년,2,마법의 시간여행 1: 공룡 시대로,메리 폽 오스본,문학,,"모험,역사",나무 위 오두막에서 시간여행을 떠나는 남매의 모험이에요.
3학년,3,마법의 시간여행 2: 중세의 성,메리 폽 오스본,문학,,"모험,역사",중세 시대 성으로 시간여행을 떠나는 두 번째 모험이에요.
3학년,4,행복한 청소부,모니카 페트,문학,,"행복,직업",청소부 아저씨가 예술을 통해 행복을 찾는 이야기예요.
3학년,5,무툴라는 못말려,베벌리 나이두,문학,,"유머,지혜",꾀 많은 산토끼 무툴라가 힘센 동물들을 골탕 먹이는 아프리카 전래 이야기예요. 3학년 국어 교과서에도 실린 재치 만점 작품이에요.
3학년,6,꽃들에게 희망을,트리나 폴러스,문학,,"희망,성장",애벌레가 나비가 되는 과정을 통해 희망의 메시지를 전해요.
3학년,7,바람이 멈출 때,샬로트 졸로토,문학,,"자연,순환",끝이 아닌 새로운 시작이 있다는 깨달음을 주는 아름다운 책이에요.
3학년,8,마지막 거인,프랑수아 플라스,문학,,"모험,다양성",마지막 남은 거인을 발견한 소년의 감동적인 이야기예요.
3학년,9,점,피터 레이놀즈,문학,,"자신감,예술",작은 점 하나로 시작하는 예술의 세계! 누구나 창의적일 수 있어요.
3학년,10,나의 린드그렌 선생님,유은실,문학,,"성장,학교",선생님과 제자 사이의 따뜻한 성장 이야기예요.
3학년,11,세상에서 가장 힘센 수탉,이호백,문학,,"지혜,우화",힘이 아닌 지혜로 문제를 해결하는 수탉의 이야기예요.
3학년,12,해리의 꽃무늬 옷,진 지온,문학,,"개성,자아",자기 모습을 찾아가는 강아지 해리의 이야기예요.
3학년,13,제임스와 슈퍼 복숭아,로알드 달,문학,,"모험,판타지",거대한 복숭아 속 곤충 친구들과의 환상적인 모험이에요.
3학년,14,이사 도중에 만난 사람들,유형진,문학,,"일상,가치",진짜 소중한 것이 무엇인지 고민하게 하는 따뜻한 이야기예요.
3학년,15,달려라 달려,김혜원,문학,,"성장,도전",포기하지 않고 달리는 아이의 도전과 성장 이야기예요.
3학년,16,BFG: 거인 아저씨,로알드 달,문학,,"판타지,우정",착한 거인과 소녀 소피의 특별한 우정과 모험이에요.
3학년,17,마녀 위니,밸러리 토머스,문학,,"판타지,유머",마녀 위니와 고양이 윌버의 유쾌한 마법 소동이에요.
3학년,18,마녀들,로알드 달,문학,,"판타지,용기",진짜 마녀를 만난 소년의 스릴 넘치는 모험! 용기를 배워요.
3학년,19,그림도둑 준모,오승희,문학,,"우정,정직",친구의 그림을 몰래 가져간 준모의 흔들리는 마음을 통해 정직과 우정의 의미를 깨닫게 해주는 창작동화예요.
3학년,20,로봇의 별,이현,문학,,"SF,우정",로봇과 인간의 우정을 그린 따뜻한 한국 SF 동화예요.
3학년,21,푸른 사자 와니니,이현,문학,,"성장,용기",들판에 홀로 남겨진 아기 사자의 성장과 용기의 이야기예요.
3학년,22,방과 후 초능력 클럽,김리리,문학,,"판타지,학교",방과 후에 초능력이 생긴 아이들의 유쾌한 모험이에요.
3학년,23,내가 라면을 먹을 때,하세가와 요시후미,문학,,"세계,공감",내가 라면을 먹을 때 세계 다른 곳의 아이들은 뭘 하고 있을까?
3학년,24,캡틴 언더팬츠 1,데이브 필키,문학,O,"유머,모험",두 소년이 만든 만화 속 영웅이 진짜가 되는 웃음 폭발 모험이에요.
3학년,25,윔피키드 1: 별난 놈의 일기,제프 키니,문학,O,"학교,유머",평범한 학생 그레그의 좌충우돌 학교생활 일기예요.
3학년,26,이상한 과자 가게 전천당 1,히로시마 레이코,문학,,"판타지,선택",신비한 과자 가게에서 파는 마법 과자들! 선택에 따라 결과가 달라져요.
3학년,27,이상한 과자 가게 전천당 2,히로시마 레이코,문학,,"판타지,교훈",전천당의 신비한 과자들! 욕심을 부리면 어떤 결과가 올까요?
3학년,28,수상한 학원,박현숙,문학,,"미스터리,학교",수상한 학원에서 벌어지는 미스터리를 풀어가는 이야기예요.
3학년,29,벗지 못하는 아이,요시타케 신스케,문학,,"유머,일상",옷이 벗겨지지 않는 아이의 기발한 상상이 웃음을 줘요.
3학년,30,내 모자 어디 갔을까,존 클라센,문학,,"유머,추리",모자를 잃어버린 곰의 유쾌한 추적기! 반전이 재미있어요.
3학년,1,WHY? 빛과 소리,예림당,비문학,O,"물리,과학",빛과 소리의 원리를 만화로 쉽게 알려줘요.
3학년,2,WHY? 미생물,예림당,비문학,O,"생물,과학",눈에 보이지 않는 미생물의 세계를 만화로 탐험해요.
3학년,3,WHY? 에너지,예림당,비문학,O,"에너지,과학",에너지란 무엇이고 왜 중요한지 만화로 배워요.
3학년,4,WHY? 전기·전자,예림당,비문학,O,"전기,기술",전기와 전자의 원리를 만화로 재미있게 알려줘요.
3학년,5,살아남기 시리즈: 무인도에서 살아남기,코믹컴,비문학,O,"생존,자연",무인도에서 살아남는 방법과 과학 지식을 배워요.
3학년,6,살아남기 시리즈: 사막에서 살아남기,코믹컴,비문학,O,"생존,자연",사막 환경의 특징과 생존 과학을 재미있게 알려줘요.
3학년,7,살아남기 시리즈: 빙하에서 살아남기,코믹컴,비문학,O,"생존,자연",빙하 지대의 과학과 생존법을 만화로 배워요.
3학년,8,과학실험왕 1: 산과 염기,스토리 a.,비문학,O,"실험,과학",산과 염기 실험을 통해 화학의 기초를 만화로 배워요.
3학년,9,과학실험왕 2: 지구의 역사,스토리 a.,비문학,O,"지구,과학",지구가 어떻게 만들어졌는지 실험과 만화로 배워요.
3학년,10,설민석의 한국사 대모험 1,설민석,비문학,O,"한국사,역사",한국사를 재미있는 만화 모험으로 배울 수 있어요.
3학년,11,설민석의 한국사 대모험 2,설민석,비문학,O,"한국사,역사",고조선부터 삼국시대까지 만화로 신나게 배워요.
3학년,12,파브르 곤충기,장 앙리 파브르,비문학,,"곤충,관찰",곤충의 신비로운 세계를 생생하게 그린 과학 고전이에요.
3학년,13,지구를 살리는 10가지 습관,이한음,비문학,,"환경,실천",환경을 위해 일상에서 실천할 수 있는 방법을 알려줘요.
3학년,14,투발루에게 수영을 가르칠 걸 그랬어,유다정,비문학,,"환경,기후",기후 변화로 사라져가는 나라 이야기로 환경 문제를 생각해요.
3학년,15,어린이를 위한 한국의 역사 1,이이화,비문학,,"한국사,역사",한국 역사를 이야기처럼 쉽고 재미있게 풀어줘요.
3학년,16,수학도둑 1,송도수,비문학,O,"수학,논리",수학 개념을 도둑 이야기와 함께 만화로 재미있게 배워요.
3학년,17,수학도둑 2,송도수,비문학,O,"수학,논리",도형과 측정을 만화 모험으로 재미있게 풀어줘요.
3학년,18,"이순신을 만든 글자, 한글",정해왕,비문학,,"인물,역사",이순신 장군의 이야기를 통해 한국 역사를 쉽게 배워요.
3학년,19,삼국유사 어린이판,일연 원작,비문학,,"역사,신화",단군 신화부터 다양한 옛이야기를 만나볼 수 있어요.
3학년,20,별자리를 찾아서,한국천문연구원,비문학,,"우주,관찰",밤하늘의 별자리를 찾고 우주 이야기를 들어봐요.
3학년,21,우리나라 지도 여행,이광표,비문학,,"지리,한국",지도를 보며 우리나라 곳곳을 여행하듯 배워요.
3학년,22,처음 만나는 경제 이야기,이재영,비문학,,"경제,사회","돈, 시장, 경제의 기본 개념을 쉬운 이야기로 알려줘요."
3학년,23,음식의 비밀: 맛있는 과학,정창훈,비문학,,"음식,과학",우리가 먹는 음식 속에 숨겨진 과학 원리를 알려줘요.
3학년,24,어린이를 위한 논어,공자 원작,비문학,,"철학,인성",공자의 가르침을 어린이 눈높이로 쉽게 풀어줘요.
3학년,25,전통 놀이 백과,전통놀이보존회,비문학,,"전통,놀이",우리나라 전통 놀이를 배우고 직접 해볼 수 있어요.
3학년,26,소중한 우리 문화재,한국문화재재단,비문학,,"문화재,역사",우리나라의 소중한 문화재를 쉽게 알려주는 책이에요.
3학년,27,내일은 발명왕 1,곰돌이 co.,비문학,O,"발명,과학",발명의 원리와 과정을 만화로 재미있게 배워요.
3학년,28,감기에 대한 모든 것,닥터 사이언스,비문학,,"건강,인체",감기는 왜 걸리고 어떻게 나을까? 건강 상식을 알려줘요.
3학년,29,자연은 우리 선생님,봉현선,비문학,,"자연,생태",자연에서 배우는 지혜와 과학을 쉽게 풀어줘요.
3학년,30,3학년을 위한 교과서 속 과학 실험,아이세움,비문학,,"실험,과학",교과서에 나오는 과학 실험을 직접 해볼 수 있어요.
4학년,1,"나니아 연대기: 사자, 마녀, 옷장",C.S. 루이스,문학,,"판타지,모험",옷장 너머 마법의 나라 나니아! 선과 악의 대결이 펼쳐져요.
4학년,2,호빗,J.R.R. 톨킨,문학,,"판타지,모험",평범한 호빗이 위대한 모험을 떠나는 판타지 명작이에요.
4학년,3,별을 헤아리며,로이스 로리,문학,,"역사,용기",유대인 친구를 구하려는 소녀의 용기 있는 이야기. 뉴베리 수상작이에요.
4학년,4,마틸다,로알드 달,문학,,"천재,유머",책을 사랑하는 천재 소녀 마틸다의 통쾌한 이야기예요.
4학년,5,긴긴밤,루리,문학,,"우정,생명",코끼리와 소년의 긴 밤. 생명의 존엄성과 연대를 느껴요.
4학년,6,시간을 파는 상점,김선영,문학,,"판타지,시간",시간의 소중함을 판타지로 풀어낸 한국 창작동화예요.
4학년,7,수상한 아파트,홍민정,문학,,"미스터리,추리",아파트에서 벌어지는 수상한 사건을 풀어가는 추리 이야기예요.
4학년,8,빈 화분,데미,문학,,"정직,용기",빈 화분을 들고 간 소년이 왕이 되는 이야기. 정직의 가치를 배워요.
4학년,9,내 짝꿍 최영대,채인선,문학,,"학교,공감",말없는 전학생 영대를 통해 친구를 이해하고 공감하는 법을 배우는 창비 수상작이에요.
4학년,10,짜장면 불어요!,이현,문학,,"우정,성장",동네 네 아이의 이야기가 얽히며 성장해 가는 감동적인 창비 수상작이에요.
4학년,11,비가 오면,이적,문학,,"시,감성",비 오는 날의 감정을 아름다운 언어로 표현한 시 그림책이에요.
4학년,12,물구나무서서 본 세상,신현림,문학,,"시,관점",세상을 다른 각도에서 바라보는 재미있는 시 모음이에요.
4학년,13,"선생님, 바보 의사 선생님",이상희,문학,,"인물,헌신",장기려 박사의 헌신적인 삶을 그린 감동적인 이야기예요.
4학년,14,샬롯의 거미줄,E.B. 화이트,문학,,"우정,생명",거미 샬롯과 아기돼지 윌버의 특별한 우정 이야기. 진정한 우정과 생명의 소중함을 느끼게 해주는 세계 아동문학의 고전이에요.
4학년,15,아이스크림 가게 앞에서,박현숙,문학,,"학교,우정",4학년 또래의 학교생활과 우정을 현실감 있게 그렸어요.
4학년,16,몽실 언니,권정생,문학,,"가족,전쟁",전쟁 속에서도 동생을 지키려는 몽실 언니의 감동적인 이야기예요.
4학년,17,마법의 시간여행 3: 해적왕의 비밀,메리 폽 오스본,문학,,"모험,해적",해적 시대로 시간여행을 떠나 보물을 찾는 모험이에요.
4학년,18,말괄량이 기관차 치치,버지니아 리 버튼,문학,,"모험,성장",작은 기관차가 큰 기관차처럼 달리고 싶어하는 이야기예요.
4학년,19,비밀 일기장,박효미,문학,,"학교,성장",4학년의 비밀스러운 고민과 성장을 일기 형식으로 풀어냈어요.
4학년,20,마법사의 조카,C.S. 루이스,문학,,"판타지,창조",나니아 세계가 처음 만들어지는 이야기. 나니아 연대기의 시작이에요.
4학년,21,내 친구 어디 있니,김향이,문학,,"우정,학교",전학 온 친구와의 우정을 그린 따뜻한 학교 이야기예요.
4학년,22,이상한 과자 가게 전천당 3,히로시마 레이코,문학,,"판타지,선택",전천당의 새로운 마법 과자들! 소원을 이루는 건 쉽지 않아요.
4학년,23,끝없는 이야기,미하엘 엔데,문학,,"판타지,상상력",책 속 세계 판타지엔으로 빠져드는 대서사시! 상상력의 힘을 느껴요.
4학년,24,하울의 움직이는 성,다이애나 윈 존스,문학,,"판타지,마법",마법사 하울의 움직이는 성에서 벌어지는 마법 가득한 모험이에요.
4학년,25,고양이 해결사 깜냥 2,홍민정,문학,,"모험,추리",깜냥의 새로운 사건! 이번에는 더 큰 미스터리가 기다려요.
4학년,26,스파이더위크 가문의 비밀,토니 디테를리지,문학,,"판타지,모험",요정 도감을 발견한 남매의 신비로운 판타지 모험이에요.
4학년,27,테라비시아로 가는 다리,캐서린 패터슨,문학,,"우정,상상력",둘만의 비밀 왕국 테라비시아에서의 우정과 성장 이야기. 뉴베리 수상작이에요.
4학년,28,캡틴 언더팬츠 2,데이브 필키,문학,O,"유머,모험",캡틴 언더팬츠의 새로운 모험! 웃음이 멈추지 않아요.
4학년,29,수상한 편의점,박현숙,문학,,"미스터리,일상",편의점에서 벌어지는 수상한 사건을 해결하는 미스터리예요.
4학년,30,이상한 과자 가게 전천당 4,히로시마 레이코,문학,,"판타지,교훈",마법 과자의 힘을 어떻게 쓰느냐에 따라 결과가 달라져요.
4학년,1,WHY? 인공지능,예림당,비문학,O,"AI,기술",인공지능의 원리와 미래를 만화로 쉽게 알려줘요.
4학년,2,WHY? 유전과 혈액,예림당,비문학,O,"유전,과학",유전과 혈액의 비밀을 만화로 재미있게 배워요.
4학년,3,WHY? 뇌,예림당,비문학,O,"뇌,과학",우리 뇌가 어떻게 작동하는지 만화로 알려줘요.
4학년,4,살아남기 시리즈: 화산에서 살아남기,코믹컴,비문학,O,"화산,과학",화산 폭발의 과학과 생존법을 만화로 배워요.
4학년,5,살아남기 시리즈: 지진에서 살아남기,코믹컴,비문학,O,"지진,과학",지진이 왜 일어나고 어떻게 대비하는지 만화로 배워요.
4학년,6,살아남기 시리즈: 남극에서 살아남기,코믹컴,비문학,O,"남극,과학",남극의 극한 환경과 과학 지식을 만화로 배워요.
4학년,7,과학실험왕 3: 빛의 대결,스토리 a.,비문학,O,"빛,과학","빛의 성질과 반사, 굴절을 실험 대결로 배워요."
4학년,8,과학실험왕 5: 전기의 대결,스토리 a.,비문학,O,"전기,과학",전기의 원리를 실험 배틀 만화로 재미있게 배워요.
4학년,9,수학도둑 3,송도수,비문학,O,"수학,논리",분수와 소수를 모험 만화로 재미있게 배워요.
4학년,10,설민석의 한국사 대모험 3,설민석,비문학,O,"한국사,역사",고려 시대의 역사를 만화 모험으로 신나게 배워요.
4학년,11,설민석의 한국사 대모험 4,설민석,비문학,O,"한국사,역사",조선 시대의 역사를 만화 모험으로 재미있게 배워요.
4학년,12,그리스 로마 신화 1,박시연,비문학,O,"신화,문화",그리스 로마 신화를 만화로 재미있게 만나볼 수 있어요.
4학년,13,그리스 로마 신화 2,박시연,비문학,O,"신화,문화",올림포스 신들의 이야기를 만화로 흥미진진하게 배워요.
4학년,14,지도 밖으로 행군하라,한비야,비문학,,"여행,도전",세계 곳곳을 누빈 한비야의 도전과 여행 이야기예요.
4학년,15,한국을 빛낸 100명의 위인들,편집부,비문학,,"인물,역사",한국 역사 속 위인들의 이야기를 한 권에 만나봐요.
4학년,16,자연관찰 도감,윤주복,비문학,,"자연,관찰",주변 자연을 관찰하고 기록하는 방법을 알려줘요.
4학년,17,아이스크림 한 입의 경제학,남윤지,비문학,,"경제,생활",아이스크림으로 시작하는 재미있는 경제 이야기예요.
4학년,18,용선생의 시끌벅적 한국사 1,사회평론,비문학,,"한국사,역사",한국사를 캐릭터와 재미있는 스토리로 풀어줘요.
4학년,19,용선생의 시끌벅적 한국사 2,사회평론,비문학,,"한국사,역사",삼국시대의 역사를 재미있는 이야기로 배워요.
4학년,20,어린이를 위한 독도 이야기,한국영토학회,비문학,,"독도,역사",우리 땅 독도의 역사와 중요성을 쉽게 알려줘요.
4학년,21,세계 문화유산 여행,유네스코한국위원회,비문학,,"문화,세계",세계의 소중한 문화유산을 사진과 함께 둘러봐요.
4학년,22,코딩 첫걸음,DK출판사,비문학,,"코딩,기술",코딩의 기초 개념을 그림과 함께 쉽게 배워요.
4학년,23,내일은 발명왕 3,곰돌이 co.,비문학,O,"발명,과학",생활 속 발명 아이디어를 만화로 재미있게 알려줘요.
4학년,24,어린이 과학 형사대 CSI 1,고희정,비문학,O,"과학,추리",과학 수사로 사건을 해결하는 추리 만화예요.
4학년,25,초등학생을 위한 요리 과학,과학동아,비문학,,"요리,과학",요리 속에 숨은 과학 원리를 실험하며 배워요.
4학년,26,어린이 경제 신문,한국경제교육학회,비문학,,"경제,시사",어린이 눈높이로 경제 뉴스와 상식을 전해줘요.
4학년,27,나도 유튜버가 될 수 있을까,김세중,비문학,,"미디어,직업",유튜버의 세계와 미디어 리터러시를 알려줘요.
4학년,28,4학년을 위한 교과서 속 과학,아이세움,비문학,,"과학,교과서",교과서에 나오는 과학 개념을 쉽게 풀어줘요.
4학년,29,"기후 변화, 쉽게 알려줘!",이은희,비문학,,"기후,환경",기후 변화가 왜 일어나고 무엇을 할 수 있는지 알려줘요.
4학년,30,세계 지리 한 바퀴,하이라이트,비문학,,"지리,세계",세계 여러 나라의 지리와 문화를 한 바퀴 둘러봐요.
5학년,1,"안녕, 우주",에린 엔트라다 켈리,문학,,"우정,용기",네 아이의 서로 다른 마음이 우연처럼 이어지는 이야기. 다름을 이해하고 용기를 내는 법을 보여주는 뉴베리상 수상작이에요.
5학년,2,원더,R.J. 팔라시오,문학,,"다양성,용기",얼굴이 남다른 어기의 학교생활. 마음으로 사람을 보는 법을 배워요.
5학년,3,해리 포터와 마법사의 돌,J.K. 롤링,문학,,"판타지,우정",마법 세계 호그와트의 모험! 우정과 용기의 가치를 배워요.
5학년,4,퍼시 잭슨과 번개 도둑,릭 라이어던,문학,,"신화,모험",그리스 신화를 현대적으로 재해석한 흥미진진한 모험이에요.
5학년,5,위풍당당 여우 꼬리,손원평,문학,,"정체성,학교",비밀을 가진 전학생의 학교생활. 정체성에 대해 고민하게 해요.
5학년,6,아몬드,손원평,문학,,"감정,성장",감정을 느끼지 못하는 소년이 감정을 배워가는 감동적인 이야기예요.
5학년,7,몬스터 콜스,패트릭 네스,문학,,"감정,치유",괴물이 들려주는 세 가지 이야기. 슬픔을 마주하는 용기를 줘요.
5학년,8,구해줘 카카오,배유안,문학,,"환경,동물",야생동물 보호를 다룬 이야기. 동물권에 대해 생각하게 해요.
5학년,9,시간의 주름,매들렌 렝글,문학,,"SF,가족",시공간을 넘나드는 가족 구출 대모험! 뉴베리 수상작이에요.
5학년,10,수상한 도서관,박현숙,문학,,"미스터리,학교",학교 도서관에서 벌어지는 미스터리! 추리의 재미를 느껴요.
5학년,11,빨강 연필,신수현,문학,,"성장,정직",무엇이든 술술 써지는 신비한 빨간 연필을 갖게 된 민호가 비밀과 거짓말 사이에서 고민하며 성장하는 이야기예요.
5학년,12,어린 사자의 시간,김유정,문학,,"성장,사춘기",사춘기 5학년의 복잡한 마음을 섬세하게 그린 이야기예요.
5학년,13,나니아 연대기: 캐스피언 왕자,C.S. 루이스,문학,,"판타지,모험",나니아에 돌아온 아이들의 새로운 모험이 시작돼요.
5학년,14,비밀의 숲,전성현,문학,,"미스터리,환경",숲에서 벌어지는 미스터리와 자연 보호의 메시지를 담았어요.
5학년,15,달빛 마신 소녀,켈리 반힐,문학,,"판타지,마법",뉴베리상 수상작! 마법의 힘을 가진 소녀의 성장 이야기예요.
5학년,16,마당을 나온 암탉 2: 돌아온 잎싹,황선미,문학,,"성장,가족",잎싹의 아들 초록이의 이야기. 성장과 독립을 그려요.
5학년,17,날아라 고무신 연작,문선이,문학,,"우정,학교",5학년 아이들의 학교생활과 우정을 현실감 있게 그렸어요.
5학년,18,"봉주르, 뚜르",한윤섭,문학,,"성장,변화",프랑스로 이사 간 소년 봉주가 낯선 환경에 적응하며 성장하는 이야기예요.
5학년,19,어느 날 우리 반에 공룡이 전학 왔다,박현숙,문학,,"학교,유머",교실에 공룡이 나타난다면? 재미있고 따뜻한 학교 이야기예요.
5학년,20,보이지 않는 아이,토베 얀손,문학,,"자존감,감정",투명해진 아이가 자기 모습을 되찾는 무민 이야기예요.
5학년,21,"열세 살, 진짜 내 마음",이금이,문학,,"성장,감정",사춘기를 겪는 아이의 진짜 마음을 섬세하게 표현했어요.
5학년,22,내 이름은 망고,메가 메디나,문학,,"가족,다문화",다문화 가정 소녀의 성장 이야기. 정체성과 가족 사랑을 그려요.
5학년,23,까막눈 삼디기,원유순,문학,,"우정,성장",글을 읽지 못하는 삼디기와 친구들의 이야기를 통해 편견을 넘어선 진짜 우정과 이해의 의미를 배우는 이야기예요.
5학년,24,해리 포터와 비밀의 방,J.K. 롤링,문학,,"판타지,모험",호그와트의 비밀 통로가 열리고 새로운 위험이 시작돼요.
5학년,25,미스 페레그린과 이상한 아이들의 집,랜섬 릭스,문학,,"판타지,미스터리",시간이 멈춘 섬에서 특별한 능력을 가진 아이들을 만나요.
5학년,26,수상한 전학생,박현숙,문학,,"미스터리,학교",전학 온 수상한 아이의 비밀을 파헤치는 미스터리 이야기예요.
5학년,27,이상한 과자 가게 전천당 5,히로시마 레이코,문학,,"판타지,선택",전천당의 마법 과자가 가져다주는 예상치 못한 결과!
5학년,28,조지의 우주를 여는 비밀 열쇠,루시 호킹,문학,,"SF,우주",호킹 박사의 딸이 쓴 우주 모험! 과학과 모험이 함께해요.
5학년,29,아르테미스 파울,오언 콜퍼,문학,,"판타지,모험",천재 소년 범죄자와 요정 세계의 대결! 스릴 넘치는 판타지예요.
5학년,30,고양이 해결사 깜냥 3,홍민정,문학,,"모험,추리",깜냥이 더 큰 사건에 도전해요! 추리의 재미가 커져요.
5학년,1,설민석의 한국사 대모험 5,설민석,비문학,O,"한국사,역사",조선 후기의 역사를 만화 모험으로 재미있게 배워요.
5학년,2,설민석의 한국사 대모험 6,설민석,비문학,O,"한국사,역사",근대 한국사를 만화 모험으로 흥미진진하게 배워요.
5학년,3,과학실험왕 7: 인체의 대결,스토리 a.,비문학,O,"과학,인체",인체의 신비를 실험 대결 만화로 재미있게 배워요.
5학년,4,과학실험왕 9: 날씨의 대결,스토리 a.,비문학,O,"과학,날씨",날씨와 기후의 원리를 실험 대결 만화로 배워요.
5학년,5,수학도둑 5,송도수,비문학,O,"수학,논리",확률과 통계를 도둑 잡기 모험 만화로 재미있게 익혀요.
5학년,6,살아남기 시리즈: 태풍에서 살아남기,코믹컴,비문학,O,"과학,재난",태풍의 과학과 재난 대비법을 만화로 배울 수 있어요.
5학년,7,살아남기 시리즈: 아마존에서 살아남기,코믹컴,비문학,O,"과학,탐험",아마존 열대우림의 생태와 생존법을 만화로 배워요.
5학년,8,WHY? 화석,예림당,비문학,O,"과학,지구",화석이 만들어지는 원리와 고대 생물의 흔적을 만화로 쉽게 알려줘요.
5학년,9,어린이 과학 형사대 CSI 5,고희정,비문학,O,"과학,추리",과학 수사 기법을 추리 만화로 재미있게 배워요.
5학년,10,그리스 로마 신화 3: 새로운 신들의 탄생,박시연,비문학,O,"인문,신화",서양 문화의 뿌리인 그리스 로마 신화를 만화로 만나요.
5학년,11,흔한남매 과학탐험대 1: 우주,흔한남매 원작,비문학,O,"과학,우주",인기 크리에이터와 함께 우주 과학을 재미있게 탐험해요.
5학년,12,내일은 실험왕 1,곰돌이 co.,비문학,O,"과학,실험",직접 따라 할 수 있는 과학 실험을 만화로 배워요.
5학년,13,브리태니커 만화 백과: 날씨,봄봄스토리,비문학,O,"과학,날씨",세계적 백과사전의 날씨 지식을 만화로 쉽게 풀어냈어요.
5학년,14,놓지 마 과학! 1,신태훈,비문학,O,"과학,유머",웃기면서도 정확한 과학 지식을 만화로 전달해 줘요.
5학년,15,Who? 아인슈타인,스튜디오 청비,비문학,O,"인물,과학",20세기 최고의 과학자 아인슈타인의 삶을 만화로 만나요.
5학년,16,Who? 세종대왕,스튜디오 청비,비문학,O,"인물,한국사",한글을 만든 세종대왕의 위대한 업적을 만화로 배워요.
5학년,17,한국사 보물찾기 1,코믹컴,비문학,O,"한국사,모험",보물을 찾으며 한국사를 자연스럽게 익힐 수 있어요.
5학년,18,내일은 발명왕 4,곰돌이 co.,비문학,O,"과학,발명",발명 대회에 도전하는 두 학교 이야기 속에서 다양한 발명 기법을 배워요.
5학년,19,쿠키런 어드벤처: 서울,서울문화사,비문학,O,"사회,지리",쿠키 캐릭터와 함께 서울의 역사와 문화를 탐험해요.
5학년,20,마법천자문 20,김현수,비문학,O,"한자,국어",손오공의 한자 대탐험 시리즈! 고학년 수준의 한자를 마법 배틀로 재미있게 배워요.
5학년,21,용선생의 시끌벅적 한국사 3,사회평론,비문학,,"한국사,삽화",풍부한 삽화와 함께 고려 시대 역사를 재미있게 배워요.
5학년,22,용선생의 시끌벅적 한국사 4,사회평론,비문학,,"한국사,삽화",조선 건국의 역사를 삽화와 함께 생생하게 만나요.
5학년,23,미래가 온다: 로봇,"김성화, 권수진",비문학,,"과학,기술",로봇 기술의 현재와 미래를 풍부한 삽화로 알려줘요.
5학년,24,미래가 온다: 인공지능,"김성화, 권수진",비문학,,"과학,기술",인공지능의 원리를 어린이 눈높이 삽화로 쉽게 설명해요.
5학년,25,최강왕 곤충 배틀,학연플러스,비문학,,"과학,곤충",곤충들의 능력을 비교하는 배틀 형식의 삽화 도감이에요.
5학년,26,최강왕 공룡 배틀,학연플러스,비문학,,"과학,공룡",공룡들의 특징과 전투력을 비교하는 삽화 도감이에요.
5학년,27,별난 과학 교실,서지원,비문학,,"과학,실험",일상 속 과학 원리를 재미있는 삽화와 함께 알려줘요.
5학년,28,지구의 미래를 부탁해,조엘 하퍼,비문학,,"환경,지구",환경 문제를 풍부한 삽화로 어린이 눈높이에서 설명해요.
5학년,29,슬기로운 미디어 생활,금준경,비문학,,"사회,미디어",미디어 리터러시를 삽화와 함께 쉽게 배울 수 있어요.
5학년,30,어린이를 위한 세계 인권 선언,국제앰네스티,비문학,,"사회,인권",인권의 의미를 아름다운 삽화와 함께 쉽게 알려줘요.
6학년,1,모모,미하엘 엔데,문학,,"시간,철학",시간 도둑에게서 시간을 되찾는 모모의 이야기예요.
6학년,2,트리갭의 샘물,나탈리 배비트,문학,,"판타지,성장",영원히 늙지 않는 샘물을 둘러싼 가족의 비밀. 영원한 삶의 의미를 생각하게 하는 판타지 고전이에요.
6학년,3,어른이 되면,이금이,문학,,"성장,미래",어른이 된다는 것의 의미를 고민하는 졸업 앞둔 6학년 이야기예요.
6학년,4,은하철도의 밤,미야자와 겐지,문학,,"판타지,우정",고독한 소년 조반니가 은하철도를 타고 떠나는 신비로운 여행. 우정과 삶의 의미를 아름답게 그린 일본 판타지 문학의 고전이에요.
6학년,5,수학 귀신,한스 마그누스 엔첸스베르거,문학,,"수학,판타지",수학 싫어하는 소년의 꿈에 나타나는 수학 귀신의 이야기예요.
6학년,6,열세 살의 여름,이금이,문학,,"성장,우정",열세 살 여름의 특별한 경험을 그린 성장 소설이에요.
6학년,7,꼭 한 번은 빌려 드립니다,남유하,문학,,"판타지,성장",신비한 가게에서 빌리는 것들을 통해 성장하는 이야기예요.
6학년,8,수일이와 수일이,김우경,문학,,"판타지,정체성",자기와 똑같은 아이를 만난 소년의 정체성 탐구 이야기예요.
6학년,9,투명 인간의 고백,김초엽,문학,,"SF,소통",투명인간이 되면 행복할까? 소통의 의미를 생각하게 해요.
6학년,10,구덩이,루이스 새커,문학,,"모험,성장",사막 소년원에 갇힌 소년이 구덩이를 파며 밝혀내는 가족의 비밀! 뉴베리상 수상작이에요.
6학년,11,전학 와서 생긴 일,문선이,문학,,"학교,우정",6학년 전학생의 학교 적응과 우정을 현실감 있게 그렸어요.
6학년,12,해리 포터와 아즈카반의 죄수,J.K. 롤링,문학,,"판타지,모험",시간여행과 새로운 진실! 해리 포터 시리즈의 전환점이에요.
6학년,13,퍼시 잭슨과 괴물의 바다,릭 라이어던,문학,,"신화,모험",괴물의 바다에서 친구를 구하는 퍼시의 두 번째 모험이에요.
6학년,14,기버: 기억 전달자,로이스 로리,문학,,"SF,사회",완벽해 보이는 사회의 비밀을 파헤치는 뉴베리 수상작이에요.
6학년,15,미스터리 베네딕트 소사이어티,트렌턴 리 스튜어트,문학,,"추리,모험",특별한 아이들이 모여 비밀 임무를 수행하는 추리 모험이에요.
6학년,16,고양이 전사들: 야생으로,에린 헌터,문학,,"판타지,모험",집고양이가 야생 고양이 부족의 전사가 되는 장대한 모험이에요.
6학년,17,갈매기에게 나는 법을 가르쳐준 고양이,루이스 세풀베다,문학,,"성장,사랑",아기 갈매기를 키우는 고양이의 약속과 사랑 이야기예요.
6학년,18,클로디아의 비밀,E.L. 커닝스버그,문학,,"모험,예술",메트로폴리탄 미술관에 숨어 사는 남매의 비밀 모험! 뉴베리 수상작이에요.
6학년,19,초정리 편지,배유안,문학,,"역사,성장",조선 시대로 편지가 이어지는 시간을 넘은 우정 이야기예요.
6학년,20,이상한 과자 가게 전천당 7,히로시마 레이코,문학,,"판타지,선택",전천당의 마법 과자들이 가져오는 새로운 이야기!
6학년,21,윔피키드 2: 로드릭의 법칙,제프 키니,문학,O,"학교,유머",그레그와 형 로드릭의 좌충우돌 일상! 웃음이 멈추지 않아요.
6학년,22,수상한 선생님,박현숙,문학,,"미스터리,학교",새로 온 선생님의 수상한 비밀을 추리하는 이야기예요.
6학년,23,캡틴 언더팬츠 3,데이브 필키,문학,O,"유머,모험",캡틴 언더팬츠의 새로운 모험! 유머와 액션이 넘쳐요.
6학년,24,괴물 길들이기,크레시다 코웰,문학,,"판타지,용기",바이킹 소년 히컵이 용을 길들이며 성장하는 모험이에요.
6학년,25,고양이 해결사 깜냥 4,홍민정,문학,,"모험,추리",깜냥의 가장 큰 사건! 더욱 커진 미스터리와 모험이에요.
6학년,26,이상한 과자 가게 전천당 8,히로시마 레이코,문학,,"판타지,교훈",마법 과자를 통해 인생의 교훈을 재미있게 전해줘요.
6학년,27,너도 하늘말나리야,이금이,문학,,"성장,가족",가족의 의미와 성장의 아픔을 섬세하게 그린 이금이의 동화예요.
6학년,28,방과 후 초능력 클럽 2,김리리,문학,,"판타지,학교",초능력 클럽의 새로운 모험! 더 강력한 힘과 더 큰 비밀이 기다려요.
6학년,29,아르테미스 파울 2: 북극 사건,오언 콜퍼,문학,,"판타지,모험",천재 소년과 요정의 새로운 대결! 북극에서 벌어지는 모험이에요.
6학년,30,수상한 동물원,박현숙,문학,,"미스터리,동물",동물원에서 벌어지는 수상한 사건의 비밀을 파헤쳐요.
6학년,1,설민석의 한국사 대모험 7,설민석,비문학,O,"한국사,역사",광복과 대한민국 건국의 역사를 만화로 배워요.
6학년,2,설민석의 한국사 대모험 8,설민석,비문학,O,"한국사,역사",현대 한국사의 주요 사건을 만화로 쉽게 이해해요.
6학년,3,과학실험왕 11: 물의 대결,스토리 a.,비문학,O,"과학,화학",물의 성질과 화학 반응을 실험 대결 만화로 배워요.
6학년,4,과학실험왕 15: 지구의 대결,스토리 a.,비문학,O,"과학,지구",지구과학의 핵심 개념을 대결 만화로 쉽게 익혀요.
6학년,5,수학도둑 7,송도수,비문학,O,"수학,논리",방정식과 함수를 도둑 잡기 모험 만화로 재미있게 배워요.
6학년,6,살아남기 시리즈: 히말라야에서 살아남기,코믹컴,비문학,O,"과학,탐험",극한 환경에서의 생존 과학을 만화로 배울 수 있어요.
6학년,7,살아남기 시리즈: 우주에서 살아남기,코믹컴,비문학,O,"과학,우주",우주 환경과 생존 기술을 만화로 재미있게 알려줘요.
6학년,8,WHY? 반도체,예림당,비문학,O,"과학,기술",반도체의 원리와 중요성을 만화로 쉽게 이해할 수 있어요.
6학년,9,어린이 과학 형사대 CSI 10,고희정,비문학,O,"과학,추리",과학 수사의 고급 기법을 만화 추리로 재미있게 배워요.
6학년,10,세상에서 가장 재미있는 세계사,래리 고닉,비문학,O,"세계사,역사",세계 역사의 흐름을 유머러스한 만화로 한눈에 보여줘요.
6학년,11,그리스 로마 신화 4: 올림포스 십이 신,박시연,비문학,O,"인문,신화",올림포스 신들의 이야기를 만화로 생생하게 만나요.
6학년,12,흔한남매 과학탐험대 3: 인체,흔한남매 원작,비문학,O,"과학,인체",우리 몸의 신비를 흔한남매와 함께 재미있게 탐험해요.
6학년,13,내일은 실험왕 5,곰돌이 co.,비문학,O,"과학,실험",과학 실험 대회 이야기로 실험 원리를 만화로 배워요.
6학년,14,브리태니커 만화 백과: 우주,봄봄스토리,비문학,O,"과학,우주",우주에 대한 백과사전 지식을 만화로 쉽게 익혀요.
6학년,15,놓지 마 과학! 5,신태훈,비문학,O,"과학,유머",웃음 속에 숨겨진 과학 지식을 만화로 재미있게 배워요.
6학년,16,Who? 마리 퀴리,스튜디오 청비,비문학,O,"인물,과학",방사능을 발견한 마리 퀴리의 삶을 만화로 만나요.
6학년,17,Who? 안중근,스튜디오 청비,비문학,O,"인물,한국사",독립운동가 안중근 의사의 삶을 만화로 배워요.
6학년,18,세계사 보물찾기 1,코믹컴,비문학,O,"세계사,모험",세계 곳곳의 보물을 찾으며 세계사를 자연스럽게 익혀요.
6학년,19,내일은 발명왕 5,곰돌이 co.,비문학,O,"과학,발명",창의적 발명의 세계를 만화로 신나게 탐험해요.
6학년,20,쿠키런 어드벤처: 도쿄,서울문화사,비문학,O,"사회,지리",쿠키 캐릭터와 함께 도쿄의 문화와 역사를 탐험해요.
6학년,21,용선생의 시끌벅적 한국사 5,사회평론,비문학,,"한국사,삽화",근현대 한국사를 풍부한 삽화와 함께 생생하게 배워요.
6학년,22,용선생의 시끌벅적 세계사 1,사회평론,비문학,,"세계사,삽화",세계사의 큰 흐름을 삽화와 함께 쉽게 이해할 수 있어요.
6학년,23,미래가 온다: 바이러스,"김성화, 권수진",비문학,,"과학,생물",바이러스의 세계를 풍부한 삽화와 함께 알기 쉽게 설명해요.
6학년,24,미래가 온다: 유전공학,"김성화, 권수진",비문학,,"과학,생물",유전공학의 원리와 미래를 삽화로 쉽게 풀어냈어요.
6학년,25,최강왕 위험 생물 배틀,학연플러스,비문학,,"과학,생물",위험 생물들의 능력을 비교하는 삽화 배틀 도감이에요.
6학년,26,최강왕 동물 배틀,학연플러스,비문학,,"과학,동물",동물들의 전투 능력을 비교하는 재미있는 삽화 도감이에요.
6학년,27,DK 인포그래픽 과학사전,DK출판사,비문학,,"과학,지식",과학 지식을 한눈에 보여주는 인포그래픽 삽화 사전이에요.
6학년,28,DK 코딩 첫걸음,DK출판사,비문학,,"코딩,기술",프로그래밍의 기초를 풍부한 삽화와 함께 쉽게 배워요.
6학년,29,"선거, 어렵지 않아요",안미란,비문학,,"사회,정치",선거와 민주주의를 삽화와 함께 쉽고 재미있게 알려줘요.
6학년,30,별난 세계사 교실,서지원,비문학,,"세계사,문화",세계 역사의 흥미로운 사건들을 삽화와 함께 풀어냈어요.
